"variableMetadata"	"database_identifier"	"chemical_formula"	"smiles"	"inchi"	"metabolite_identification"	"mass_to_charge"	"mass_of_proton"	"mass"	"fragmentation"	"modifications"	"charge"	"retention_time"	"reliability"	"sample_mean"	"sample_sd"	"sample_CV"	"pool_mean"	"pool_sd"	"pool_CV"	"poolCV_over_sampleCV"	"chebi.id"	"chemspider.id"	"biodb.compound.name"
"(2-methoxyethoxy)propanoic acid isomer"	"CHEBI:67254"	"C6H12O4"	"COCCOCCC(O)=O"	"InChI=1S/C6H12O4/c1-9-4-5-10-3-2-6(7)8/h2-5H2,1H3,(H,7,8)"	"(2-methoxyethoxy)propanoic acid isomer"	147.065655	1.00727647	148.07293147	NA	"[(M-H)]-"	1	4.75	4	2.13743243983351	0.76099783523919	0.356033632248262	453243.359568937	34664.1934521402	0.0764803117802057	0.214812042607469	"67254"	NA	"3-(2-methoxyethoxy)propanoic acid"
"(2-methoxyethoxy)propanoic acid isomer"	"CHEBI:67255"	"C6H12O4"	"COCCOC(C)C(O)=O"	"InChI=1S/C6H12O4/c1-5(6(7)8)10-4-3-9-2/h5H,3-4H2,1-2H3,(H,7,8)"	"(2-methoxyethoxy)propanoic acid isomer"	147.065655	1.00727647	148.07293147	NA	"[(M-H)]-"	1	4.75	4	2.13743243983351	0.76099783523919	0.356033632248262	453243.359568937	34664.1934521402	0.0764803117802057	0.214812042607469	"67255"	NA	"2-(2-methoxyethoxy)propanoic acid"
"(gamma)Glu-Leu/Ile"	"CHEBI:68433"	"C11H20N2O5"	"CC(C)C[C@H](NC(=O)CC[C@H](N)C(O)=O)C(O)=O"	"InChI=1S/C11H20N2O5/c1-6(2)5-8(11(17)18)13-9(14)4-3-7(12)10(15)16/h6-8H,3-5,12H2,1-2H3,(H,13,14)(H,15,16)(H,17,18)/t7-,8-/m0/s1"	"(gamma)Glu-Leu/Ile"	259.128923	1.00727647	260.13619947	NA	"[(M-H)]-"	1	5.25	4	2.72415649309369	0.279224727468718	0.102499517989004	452195.939569403	22076.146424581	0.0488198687622067	0.476293642351023	"68433"	NA	"gamma-Glu-Leu"
"1,3-Dimethyluric acid"	"CHEBI:68447"	"C7H8N4O3"	"Cn1c2[nH]c(=O)[nH]c2c(=O)n(C)c1=O"	"InChI=1S/C7H8N4O3/c1-10-4-3(8-6(13)9-4)5(12)11(2)7(10)14/h1-2H3,(H2,8,9,13)"	"1,3-Dimethyluric acid"	195.050844	1.00727647	196.05812047	NA	"[(M-H)]-"	1	4.67	5	3.53571270305896	0.582088907840927	0.164631279950242	3958832.73057705	187429.988817876	0.0473447608357414	0.287580591307137	"68447"	NA	"1,3-dimethyluric acid"
"1,7-Dimethyluric acid"	"CHEBI:68449"	"C7H8N4O3"	"Cn1c2c([nH]c1=O)[nH]c(=O)n(C)c2=O"	"InChI=1S/C7H8N4O3/c1-10-3-4(8-6(10)13)9-7(14)11(2)5(3)12/h1-2H3,(H,8,13)(H,9,14)"	"1,7-Dimethyluric acid"	195.050844	1.00727647	196.05812047	NA	"[(M-H)]-"	1	4.96	5	4.05392310836375	0.479205113805589	0.118207746174793	13226373.1327088	683182.307044961	0.0516530344479282	0.436968270857219	"68449"	NA	"1,7-dimethyluric acid"
"1-Methyluric acid"	"CHEBI:68441"	"C6H6N4O3"	"Cn1c(=O)[nH]c2[nH]c(=O)[nH]c2c1=O"	"InChI=1S/C6H6N4O3/c1-10-4(11)2-3(9-6(10)13)8-5(12)7-2/h1H3,(H,9,13)(H2,7,8,12)"	"1-Methyluric acid"	181.035456	1.00727647	182.04273247	NA	"[(M-H)]-"	1	4.07	5	4.26412924354928	0.434715269250692	0.101947019994369	19413183.3946158	474103.190035138	0.0244217128328695	0.239552983836295	"68441"	NA	"1-methyluric acid"
"1-Methylxanthine"	"CHEBI:68444"	"C6H6N4O2"	"Cn1c(=O)[nH]c2nc[nH]c2c1=O"	"InChI=1S/C6H6N4O2/c1-10-5(11)3-4(8-2-7-3)9-6(10)12/h2H,1H3,(H,7,8)(H,9,12)"	"1-Methylxanthine"	165.040382	1.00727647	166.04765847	NA	"[(M-H)]-"	1	4.23	5	4.07679599476304	0.446204510308881	0.109449800991284	13323461.9802182	418602.310538585	0.0314184339746004	0.287057936058762	"68444"	NA	"1-methyl-7H-xanthine"
"2,2-Dimethylglutaric acid"	"CHEBI:68459"	"C7H12O4"	"CC(C)(CCC(O)=O)C(O)=O"	"InChI=1S/C7H12O4/c1-7(2,6(10)11)4-3-5(8)9/h3-4H2,1-2H3,(H,8,9)(H,10,11)"	"2,2-Dimethylglutaric acid"	159.065452	1.00727647	160.07272847	NA	"[(M-H)]-"	1	6.04	5	2.74504016554435	0.281858608366436	0.102679229216503	449322.231875397	45799.7101108014	0.101930656579446	0.992709600152155	"68459"	NA	"2,2-dimethylglutaric acid"
"2-acetamido-4-methylphenyl acetate"	"CHEBI:84085"	"C11H13NO3"	"CC(=O)Nc1cc(C)ccc1OC(C)=O"	"InChI=1S/C11H13NO3/c1-7-4-5-11(15-9(3)14)10(6-7)12-8(2)13/h4-6H,1-3H3,(H,12,13)"	"2-acetamido-4-methylphenyl acetate"	206.08069	1.00727647	207.08796647	NA	"[(M-H)]-"	1	6.75	4	2.14783844889439	0.502916855421363	0.234150224696947	142114.364197747	11332.8064465639	0.0797442715276458	0.340568844769874	"84085"	NA	"2-(acetylamino)-4-methylphenyl acetate"
"2-Aminoadipic acid"	"CHEBI:37024"	"C6H11NO4"	"NC(CCCC(O)=O)C(O)=O"	"InChI=1S/C6H11NO4/c7-4(6(10)11)2-1-3-5(8)9/h4H,1-3,7H2,(H,8,9)(H,10,11)"	"2-Aminoadipic acid"	160.060993	1.00727647	161.06826947	NA	"[(M-H)]-"	1	1.05	5	2.26085737526799	0.191912889478327	0.0848850049444534	139934.119230129	10010.9718437086	0.0715406070998667	0.842794403401179	"37024"	NA	"2-aminoadipic acid"
"2-Hydroxybenzyl alcohol"	"CHEBI:16464"	"C7H8O2"	"OCc1ccccc1O"	"InChI=1S/C7H8O2/c8-5-6-3-1-2-4-7(6)9/h1-4,8-9H,5H2"	"2-Hydroxybenzyl alcohol"	123.045226	1.00727647	124.05250247	NA	"[(M-H)]-"	1	5.58	5	2.04831595083182	0.472259400397644	0.230559841222669	135935.170959699	7020.93330709271	0.0516491299310183	0.224016158482417	"16464"	NA	"salicyl alcohol"
"2-Isopropylmalic acid"	"CHEBI:35128"	"C7H12O5"	"C(C(=O)O)[C@](C(=O)O)(O)C(C)C"	"InChI=1S/C7H12O5/c1-4(2)7(12,6(10)11)3-5(8)9/h4,12H,3H2,1-2H3,(H,8,9)(H,10,11)/t7-/m0/s1"	"2-Isopropylmalic acid"	175.060135	1.00727647	176.06741147	NA	"[(M-H)]-"	1	5.52	5	3.33387207149605	0.559803694371929	0.167913969812502	3824750.62195023	205053.755186856	0.0536123202412342	0.319284454420913	"35128"	NA	"(2S)-2-isopropylmalic acid"
"2-Methylhippuric acid"	"CHEBI:68455"	"C10H11NO3"	"Cc1ccccc1C(=O)NCC(O)=O"	"InChI=1S/C10H11NO3/c1-7-4-2-3-5-8(7)10(14)11-6-9(12)13/h2-5H,6H2,1H3,(H,11,14)(H,12,13)"	"2-Methylhippuric acid"	192.066148	1.00727647	193.07342447	NA	"[(M-H)]-"	1	6.13	5	2.75966892994854	0.422914835390196	0.15324839541462	597219.794725267	21695.8157597272	0.0363280252117359	0.237053217512972	"68455"	NA	"o-methylhippuric acid"
"3,4-dihydroxybenzoic acid"	"CHEBI:36062"	"C7H6O4"	"C(=O)(C1=CC(=C(C=C1)O)O)O"	"InChI=1S/C7H6O4/c8-5-2-1-4(7(10)11)3-6(5)9/h1-3,8-9H,(H,10,11)"	"3,4-dihydroxybenzoic acid"	153.018293	1.00727647	154.02556947	NA	"[(M-H)]-"	1	4.83	4	2.64528154469542	0.410087206608057	0.15502592056048	402988.062960581	23352.6940635209	0.057948848141949	0.373801025870003	"36062"	NA	"3,4-dihydroxybenzoic acid"
"3,5-dihydroxybenzoic acid"	"CHEBI:39912"	"C7H6O4"	"OC(=O)c1cc(O)cc(O)c1"	"InChI=1S/C7H6O4/c8-5-1-4(7(10)11)2-6(9)3-5/h1-3,8-9H,(H,10,11)"	"3,5-dihydroxybenzoic acid"	153.018293	1.00727647	154.02556947	NA	"[(M-H)]-"	1	4.83	4	2.64528154469542	0.410087206608057	0.15502592056048	402988.062960581	23352.6940635209	0.057948848141949	0.373801025870003	"39912"	NA	"3,5-dihydroxybenzoic acid"
"3,7-Dimethyluric acid"	"CHEBI:68531"	"C7H8N4O3"	"Cn1c2[nH]c(=O)n(C)c2c(=O)[nH]c1=O"	"InChI=1S/C7H8N4O3/c1-10-3-4(8-6(10)13)11(2)7(14)9-5(3)12/h1-2H3,(H,8,13)(H,9,12,14)"	"3,7-Dimethyluric acid"	195.051734	1.00727647	196.05901047	NA	"[(M-H)]-"	1	4.3	5	2.77775211587768	0.673562734031253	0.242484824394933	810067.851594928	50924.7445171101	0.0628647889394021	0.25925246702043	"68531"	NA	"3,7-dimethyluric acid"
"3-Hydroxybenzyl alcohol"	"CHEBI:17069"	"C7H8O2"	"OCc1cccc(O)c1"	"InChI=1S/C7H8O2/c8-5-6-2-1-3-7(9)4-6/h1-4,8-9H,5H2"	"3-Hydroxybenzyl alcohol"	123.044472	1.00727647	124.05174847	NA	"[(M-H)]-"	1	5.26	5	2.56786863283443	0.555259276157311	0.216233521083363	442080.03940812	15935.5069850748	0.0360466557287005	0.166702440713638	"17069"	NA	"3-hydroxybenzyl alcohol"
"3-Hydroxyphenylacetic acid"	"CHEBI:17445"	"C8H8O3"	"OC(=O)Cc1cccc(O)c1"	"InChI=1S/C8H8O3/c9-7-3-1-2-6(4-7)5-8(10)11/h1-4,9H,5H2,(H,10,11)"	"3-Hydroxyphenylacetic acid"	151.03922	1.00727647	152.04649647	NA	"[(M-H)]-"	1	6.06	5	3.29521740544455	0.379300312332614	0.115106308829855	1935414.90390444	86111.3618689664	0.0444924556978704	0.386533597942379	"17445"	NA	"3-hydroxyphenylacetic acid"
"3-Indole carboxylic acid glucuronide"	"CHEBI:68486"	"C15H15NO8"	"O[C@H]1[C@@H](OC([C@@H](O)[C@@H]1O)C(O)=O)OC(=O)c1c[nH]c2ccccc12"	"InChI=1S/C15H15NO8/c17-9-10(18)12(13(20)21)23-15(11(9)19)24-14(22)7-5-16-8-4-2-1-3-6(7)8/h1-5,9-12,15-19H,(H,20,21)/t9-,10-,11+,12?,15-/m0/s1"	"3-Indole carboxylic acid glucuronide"	336.072846	1.00727647	337.08012247	NA	"[(M-H)]-"	1	6.2	4	3.37370186139036	0.468615135235786	0.138902355480416	3003452.43810479	234147.944239478	0.0779595978510744	0.561254685577063	"68486"	NA	"3-indole carboxylic acid glucuronide"
"3-Methyl-2-oxovaleric acid"	"CHEBI:35932"	"C6H10O3"	"CCC(C)C(=O)C(O)=O"	"InChI=1S/C6H10O3/c1-3-4(2)5(7)6(8)9/h4H,3H2,1-2H3,(H,8,9)"	"3-Methyl-2-oxovaleric acid"	129.054965	1.00727647	130.06224147	NA	"[(M-H)]-"	1	5.37	5	3.40937631828003	0.399586198190918	0.117202139302857	2652322.91930366	102132.726041957	0.0385068972177683	0.328551146308552	"35932"	NA	"3-methyl-2-oxovaleric acid"
"3-Methylcrotonylglycine"	"CHEBI:68499"	"C7H11NO3"	"CC(C)=CC(=O)NCC(O)=O"	"InChI=1S/C7H11NO3/c1-5(2)3-6(9)8-4-7(10)11/h3H,4H2,1-2H3,(H,8,9)(H,10,11)"	"3-Methylcrotonylglycine"	156.065767	1.00727647	157.07304347	NA	"[(M-H)]-"	1	5.2	5	3.5501623962481	0.351336007569713	0.0989633623354847	3105763.26991166	126415.574438399	0.0407035448139595	0.41129912983327	"68499"	NA	"3-methylcrotonyl glycine"
"4-Hydroxybenzoic acid"	"CHEBI:30763"	"C7H6O3"	"OC(=O)c1ccc(O)cc1"	"InChI=1S/C7H6O3/c8-6-3-1-5(2-4-6)7(9)10/h1-4,8H,(H,9,10)"	"4-Hydroxybenzoic acid"	137.023583	1.00727647	138.03085947	NA	"[(M-H)]-"	1	5.65	5	2.3435489492885	0.440747075653389	0.188068218411738	196427.192059626	15132.1522990646	0.0770369526764458	0.409622387700769	"30763"	NA	"4-hydroxybenzoic acid"
"3-Methylhippuric acid"	"CHEBI:68500"	"C10H11NO3"	"Cc1cccc(c1)C(=O)NCC(O)=O"	"InChI=1S/C10H11NO3/c1-7-3-2-4-8(5-7)10(14)11-6-9(12)13/h2-5H,6H2,1H3,(H,11,14)(H,12,13)"	"3-Methylhippuric acid"	192.065356	1.00727647	193.07263247	NA	"[(M-H)]-"	1	6.62	5	2.83457780468466	0.550291808742677	0.194135369236723	1080010.91923511	88944.3541534946	0.0823550508327145	0.424214563046948	"68500"	NA	"m-methylhippuric acid"
"4-Methylhippuric acid"	"CHEBI:68552"	"C10H11NO3"	"Cc1ccc(cc1)C(=O)NCC(O)=O"	"InChI=1S/C10H11NO3/c1-7-2-4-8(5-3-7)10(14)11-6-9(12)13/h2-5H,6H2,1H3,(H,11,14)(H,12,13)"	"4-Methylhippuric acid"	192.065356	1.00727647	193.07263247	NA	"[(M-H)]-"	1	6.62	5	2.83457780468466	0.550291808742677	0.194135369236723	1080010.91923511	88944.3541534946	0.0823550508327145	0.424214563046948	"68552"	NA	"p-methylhippuric acid"
"5-Hydroxyindoleacetic acid"	"CHEBI:27823"	"C10H9NO3"	"OC(=O)Cc1c[nH]c2ccc(O)cc12"	"InChI=1S/C10H9NO3/c12-7-1-2-9-8(4-7)6(5-11-9)3-10(13)14/h1-2,4-5,11-12H,3H2,(H,13,14)"	"5-Hydroxyindoleacetic acid"	190.050594	1.00727647	191.05787047	NA	"[(M-H)]-"	1	5.68	5	2.38805966466621	0.276448246773753	0.115762705121689	204154.348838327	14310.2946758549	0.0700954682439189	0.605509936643544	"27823"	NA	"(5-hydroxyindol-3-yl)acetic acid"
"5-Sulfosalicylic acid"	"CHEBI:68555"	"C7H6O6S"	"OC(=O)c1cc(ccc1O)S(O)(=O)=O"	"InChI=1S/C7H6O6S/c8-6-2-1-4(14(11,12)13)3-5(6)7(9)10/h1-3,8H,(H,9,10)(H,11,12,13)"	"5-Sulfosalicylic acid"	216.980834	1.00727647	217.98811047	NA	"[(M-H)]-"	1	5.28	5	3.03762264549277	0.631560404980069	0.207912726064635	1517724.36704172	95312.609603006	0.0627996833106033	0.302048289680356	"68555"	NA	"5-sulfosalicylic acid"
"6-(2-hydroxyethoxy)-6-oxohexanoic acid"	"CHEBI:84086"	"C8H14O5"	"OCCOC(=O)CCCCC(O)=O"	"InChI=1S/C8H14O5/c9-5-6-13-8(12)4-2-1-3-7(10)11/h9H,1-6H2,(H,10,11)"	"6-(2-hydroxyethoxy)-6-oxohexanoic acid"	189.07674	1.00727647	190.08401647	NA	"[(M-H)]-"	1	5.35	4	2.23439132630684	0.240784440855609	0.107762878427206	133687.50541404	18912.8221425933	0.141470379629112	1.31279325212786	"84086"	NA	"6-(2-hydroxyethoxy)-6-oxohexanoic acid"
"6-(carboxymethoxy)-hexanoic acid"	"CHEBI:84088"	"C8H14O5"	"OC(=O)CCCCCOCC(O)=O"	"InChI=1S/C8H14O5/c9-7(10)4-2-1-3-5-13-6-8(11)12/h1-6H2,(H,9,10)(H,11,12)"	"6-(carboxymethoxy)-hexanoic acid"	189.07674	1.00727647	190.08401647	NA	"[(M-H)]-"	1	5.65	4	2.75183043073542	0.430317714609576	0.156375083945334	630280.64624263	55269.9606472292	0.087691032521333	0.560773687910463	"84088"	NA	"6-(carboxymethoxy)hexanoic acid"
"9-Methylxanthine"	"CSID 64136"	"C6H6N4O2"	"Cn1cnc2c1[nH]c(=O)[nH]c2=O"	"InChI=1/C6H6N4O2/c1-10-2-7-3-4(10)8-6(12)9-5(3)11/h2H,1H3,(H2,8,9,11,12)"	"9-Methylxanthine"	165.0411	1.00727647	166.04837647	NA	"[(M-H)]-"	1	4.3	4	4.08445348217315	0.380229975588446	0.0930920078409468	12143021.3650416	517317.926233748	0.0426020765905137	0.457634093179104	NA	"64136"	"9-Methylxanthine"
"Acetaminophen glucuronide"	"CHEBI:32636"	"C14H17NO8"	"CC(=O)Nc1ccc(O[C@@H]2O[C@@H]([C@@H](O)[C@H](O)[C@H]2O)C(O)=O)cc1"	"InChI=1S/C14H17NO8/c1-6(16)15-7-2-4-8(5-3-7)22-14-11(19)9(17)10(18)12(23-14)13(20)21/h2-5,9-12,14,17-19H,1H3,(H,15,16)(H,20,21)/t9-,10-,11+,12-,14+/m0/s1"	"Acetaminophen glucuronide"	326.087035	1.00727647	327.09431147	NA	"[(M-H)]-"	1	4.12	5	1.42487143851705	1.36437784990813	0.957544528598398	13262282.861068	419223.815959235	0.0316102303314526	0.0330117601713227	"32636"	NA	"acetaminophen O-beta-D-glucosiduronic acid"
"Acetylphenylalanine"	"CHEBI:16259"	"C11H13NO3"	"CC(=O)N[C@@H](Cc1ccccc1)C(O)=O"	"InChI=1S/C11H13NO3/c1-8(13)12-10(11(14)15)7-9-5-3-2-4-6-9/h2-6,10H,7H2,1H3,(H,12,13)(H,14,15)/t10-/m0/s1"	"Acetylphenylalanine"	206.08069	1.00727647	207.08796647	NA	"[(M-H)]-"	1	6.6	5	2.79196962846714	0.389558589397806	0.13952823319632	578436.447937296	76939.707669538	0.133013242757964	0.953307009706134	"16259"	NA	"N-acetyl-L-phenylalanine"
"Aminosalicyluric acid"	"CSID 8528501"	"C9H10N2O4"	"C1=CC(=C(C=C1N)C(=O)NCC(=O)O)O"	"InChI=1/C9H10N2O4/c10-5-1-2-7(12)6(3-5)9(15)11-4-8(13)14/h1-3,12H,4,10H2,(H,11,15)(H,13,14)"	"Aminosalicyluric acid"	209.055518	1.00727647	210.06279447	NA	"[(M-H)]-"	1	4.5	4	2.95995955631471	0.509313956602758	0.172067876912777	1120518.60543712	49522.8796477412	0.0441963921057984	0.256854404777726	NA	"8528501"	"N-(5-Amino-2-hydroxybenzoyl)glycine"
"Aspartic acid"	"CHEBI:22660"	"C4H7NO4"	"NC(CC(O)=O)C(O)=O"	"InChI=1S/C4H7NO4/c5-2(4(8)9)1-3(6)7/h2H,1,5H2,(H,6,7)(H,8,9)"	"Aspartic acid"	132.02947	1.00727647	133.03674647	NA	"[(M-H)]-"	1	0.89	5	3.25685465199215	0.215646937613749	0.0662132519428958	1392907.20236198	41183.6856139001	0.0295667116546344	0.446537676175965	"22660"	NA	"aspartic acid"
"Azelaic acid"	"CHEBI:48131"	"C9H16O4"	"OC(=O)CCCCCCCC(O)=O"	"InChI=1S/C9H16O4/c10-8(11)6-4-2-1-3-5-7-9(12)13/h1-7H2,(H,10,11)(H,12,13)"	"Azelaic acid"	187.097224	1.00727647	188.10450047	NA	"[(M-H)]-"	1	7.01	5	3.8633193023002	0.240941263463505	0.0623663861591894	5629390.36609157	177906.304150446	0.0316031208675913	0.50673323907088	"48131"	NA	"azelaic acid"
"Benzoic acid isomer"	"CHEBI:30746"	"C7H6O2"	"OC(=O)c1ccccc1"	"InChI=1S/C7H6O2/c8-7(9)6-4-2-1-3-5-6/h1-5H,(H,8,9)"	"Benzoic acid isomer"	121.02915	1.00727647	122.03642647	NA	"[(M-H)]-"	1	5.38	4	2.85372765871105	0.492658720987672	0.172636908600519	888819.204732839	25243.5240520236	0.0284011910606851	0.164514015519157	"30746"	NA	"benzoic acid"
"Chenodeoxycholic acid isomer"	""	""	""	""	"Chenodeoxycholic acid isomer"	448.30489	1.00727647	449.31216647	NA	"[(M-H)]-"	1	8.86	4	1.8972479549482	0.720901350748079	0.379972132197007	138095.312283456	12333.8737445416	0.0893142101682999	0.235054633222398	NA	NA	NA
"Cinnamoylglycine"	"CHEBI:68616"	"C11H11NO3"	"OC(=O)CNC(=O)C=Cc1ccccc1"	"InChI=1S/C11H11NO3/c13-10(12-8-11(14)15)7-6-9-4-2-1-3-5-9/h1-7H,8H2,(H,12,13)(H,14,15)/b7-6+"	"Cinnamoylglycine"	204.065452	1.00727647	205.07272847	NA	"[(M-H)]-"	1	7.03	5	4.01603992191922	0.513327087077502	0.127819219195458	11742041.4996239	2134365.54261586	0.181771248439569	1.42209637630167	"68616"	NA	"N-cinnamoylglycine"
"Citric acid"	"CHEBI:30769"	"C6H8O7"	"OC(=O)CC(O)(CC(O)=O)C(O)=O"	"InChI=1S/C6H8O7/c7-3(8)1-6(13,5(11)12)2-4(9)10/h13H,1-2H2,(H,7,8)(H,9,10)(H,11,12)"	"Citric acid"	191.019335	1.00727647	192.02661147	NA	"[(M-H)]-"	1	NA	5	5.42164190405865	0.193069896766846	0.0356109643874327	206142563.530264	8097035.68487872	0.0392788153315556	1.10299779877394	"30769"	NA	"citric acid"
"Dehydroepiandrosterone 3-glucuronide"	"CHEBI:68834"	"C25H36O8"	"[H][C@@]12CC=C3C[C@H](CC[C@]3(C)[C@@]1([H])CC[C@]1(C)C(=O)CC[C@@]21[H])O[C@@H]1O[C@@H]([C@@H](O)[C@H](O)[C@H]1O)C(O)=O"	"InChI=1S/C25H36O8/c1-24-9-7-13(32-23-20(29)18(27)19(28)21(33-23)22(30)31)11-12(24)3-4-14-15-5-6-17(26)25(15,2)10-8-16(14)24/h3,13-16,18-21,23,27-29H,4-11H2,1-2H3,(H,30,31)/t13-,14-,15-,16-,18-,19-,20+,21-,23+,24-,25-/m0/s1"	"Dehydroepiandrosterone 3-glucuronide"	463.2329	1.00727647	464.24017647	NA	"[(M-H)]-"	1	8.2	5	2.35520716579891	0.461467332737549	0.195934922175313	259610.438401221	20073.2808069849	0.0773207769710791	0.394624787213258	"68834"	NA	"dehydroisoandrosterone 3-glucuronide"
"Dehydroepiandrosterone sulfate"	"CHEBI:16814"	"C19H28O5S"	"C1[C@@]2([C@@]([C@@]3(C(C[C@@H](OS(O)(=O)=O)CC3)=C1)C)(CC[C@]4([C@]2(CCC4=O)[H])C)[H])[H]"	"InChI=1S/C19H28O5S/c1-18-9-7-13(24-25(21,22)23)11-12(18)3-4-14-15-5-6-17(20)19(15,2)10-8-16(14)18/h3,13-16H,4-11H2,1-2H3,(H,21,22,23)/t13-,14-,15-,16-,18-,19-/m0/s1"	"Dehydroepiandrosterone sulfate"	367.156657	1.00727647	368.16393347	NA	"[(M-H)]-"	1	8.28	5	3.25965877691267	1.13264236727363	0.347472678826338	8453036.74612411	497097.410626003	0.0588069619895989	0.169241973752388	"16814"	NA	"dehydroepiandrosterone sulfate"
"Deoxyhexose"	"CHEBI:23628"	NA	NA	NA	"Deoxyhexose"	163.060423	1.00727647	164.06769947	NA	"[(M-H)]-"	1	0.91	5	2.61052507142363	0.417695757810826	0.160004499624682	391142.78682659	31565.3865537357	0.0807004184068719	0.504363431004556	"23628"	NA	"deoxyhexose"
"Dimethylguanosine"	"CHEBI:25307"	NA	NA	NA	"Dimethylguanosine"	310.114597	1.00727647	311.12187347	NA	"[(M-H)]-"	1	4.71	4	3.08283713443258	0.267301756154748	0.0867064150646241	991569.91581336	39297.9137318125	0.039632014954364	0.45708284588661	"25307"	NA	"methylguanosine"
"FMNH2"	"CHEBI:16048"	"C17H23N4O9P"	"Cc1cc2Nc3c([nH]c(=O)[nH]c3=O)N(C[C@H](O)[C@H](O)[C@H](O)COP(O)(O)=O)c2cc1C"	"InChI=1S/C17H23N4O9P/c1-7-3-9-10(4-8(7)2)21(15-13(18-9)16(25)20-17(26)19-15)5-11(22)14(24)12(23)6-30-31(27,28)29/h3-4,11-12,14,18,22-24H,5-6H2,1-2H3,(H2,27,28,29)(H2,19,20,25,26)/t11-,12+,14-/m0/s1"	"FMNH2"	457.113076	1.00727647	458.12035247	NA	"[(M-H)]-"	1	5.7	4	1.38048128540247	0.461774555250344	0.334502582637849	28822.5725028238	7393.54664809865	0.256519318231372	0.766867975154303	"16048"	NA	"FMNH2"
"Fumaric acid"	"CHEBI:18012"	"C4H4O4"	"OC(=O)C=CC(O)=O"	"InChI=1S/C4H4O4/c5-3(6)1-2-4(7)8/h1-2H,(H,5,6)(H,7,8)/b2-1+"	"Fumaric acid"	115.00314	1.00727647	116.01041647	NA	"[(M-H)]-"	1	1.1	5	2.5403748292767	0.407490672878546	0.160405727604602	363136.073013292	22224.118569824	0.0612005257021394	0.381535788129697	"18012"	NA	"fumaric acid"
"Gluconic acid and/or isomers"	"CHEBI:33198"	"C6H12O7"	"OC[C@@H](O)[C@@H](O)[C@H](O)[C@@H](O)C(O)=O"	"InChI=1S/C6H12O7/c7-1-2(8)3(9)4(10)5(11)6(12)13/h2-5,7-11H,1H2,(H,12,13)/t2-,3-,4+,5-/m1/s1"	"Gluconic acid and/or isomers"	195.049814	1.00727647	196.05709047	NA	"[(M-H)]-"	1	0.88	4	3.75592629822295	0.327537838083609	0.0872056084376781	4177387.28233723	71110.0766535704	0.0170226200846249	0.195200978349806	"33198"	NA	"D-gluconic acid"
"Gluconic acid and/or isomers"	"CHEBI:86359"	"C6H12O7"	"OC[C@H](O)[C@H](O)[C@@H](O)[C@H](O)C(O)=O"	"InChI=1S/C6H12O7/c7-1-2(8)3(9)4(10)5(11)6(12)13/h2-5,7-11H,1H2,(H,12,13)/t2-,3-,4+,5-/m0/s1"	"Gluconic acid and/or isomers"	195.049814	1.00727647	196.05709047	NA	"[(M-H)]-"	1	0.88	4	3.75592629822295	0.327537838083609	0.0872056084376781	4177387.28233723	71110.0766535704	0.0170226200846249	0.195200978349806	"86359"	NA	"L-gluconic acid"
"Glucuronic acid and/or isomers"	"CHEBI:24298"	"C6H10O7"	NA	NA	"Glucuronic acid and/or isomers"	193.034589	1.00727647	194.04186547	NA	"[(M-H)]-"	1	0.85	4	2.67723377980982	0.290128227538236	0.108368656381904	331806.202391759	11377.5957408161	0.0342898826447575	0.316418822467596	"24298"	NA	"glucuronic acid"
"Glucuronic acid and/or isomers"	"CHEBI:4178"	"C6H10O7"	NA	NA	"Glucuronic acid and/or isomers"	193.034589	1.00727647	194.04186547	NA	"[(M-H)]-"	1	0.85	4	2.67723377980982	0.290128227538236	0.108368656381904	331806.202391759	11377.5957408161	0.0342898826447575	0.316418822467596	"4178"	NA	"D-glucuronic acid"
"Glu-Val"	"CHEBI:68846"	"C10H18N2O5"	"CC(C)[C@H](NC(=O)[C@@H](N)CCC(O)=O)C(O)=O"	"InChI=1S/C10H18N2O5/c1-5(2)8(10(16)17)12-9(15)6(11)3-4-7(13)14/h5-6,8H,3-4,11H2,1-2H3,(H,12,15)(H,13,14)(H,16,17)/t6-,8-/m0/s1"	"Glu-Val"	245.112506	1.00727647	246.11978247	NA	"[(M-H)]-"	1	4.4	4	3.08633427223833	0.237677097642184	0.0770095124757216	1040927.28680715	32545.6747499117	0.0312660405413517	0.406002317586529	"68846"	NA	"alpha-Glu-Val"
"Glu-Val"	"CHEBI:68848"	"C10H18N2O5"	"CC(C)[C@H](NC(=O)CC[C@H](N)C(O)=O)C(O)=O"	"InChI=1S/C10H18N2O5/c1-5(2)8(10(16)17)12-7(13)4-3-6(11)9(14)15/h5-6,8H,3-4,11H2,1-2H3,(H,12,13)(H,14,15)(H,16,17)/t6-,8-/m0/s1"	"Glu-Val"	245.112506	1.00727647	246.11978247	NA	"[(M-H)]-"	1	4.4	4	3.08633427223833	0.237677097642184	0.0770095124757216	1040927.28680715	32545.6747499117	0.0312660405413517	0.406002317586529	"68848"	NA	"gamma-Glu-Val"
"Glyceric acid"	"CHEBI:33508"	"C3H6O4"	"OCC(O)C(O)=O"	"InChI=1S/C3H6O4/c4-1-2(5)3(6)7/h2,4-5H,1H2,(H,6,7)"	"Glyceric acid"	105.018901	1.00727647	106.02617747	NA	"[(M-H)]-"	1	0.92	5	2.9214987592254	0.242174454317194	0.0828939096935997	646166.879585113	24995.1780580671	0.0386822334102234	0.466647472090583	"33508"	NA	"glyceric acid"
"Glycocholic acid isomer 2"	"CHEBI:17687"	"C26H43NO6"	"C[C@H](CCC(=O)NCC(O)=O)[C@H]1CC[C@H]2[C@@H]3[C@H](O)C[C@@H]4C[C@H](O)CC[C@]4(C)[C@H]3C[C@H](O)[C@]12C"	"InChI=1S/C26H43NO6/c1-14(4-7-22(31)27-13-23(32)33)17-5-6-18-24-19(12-21(30)26(17,18)3)25(2)9-8-16(28)10-15(25)11-20(24)29/h14-21,24,28-30H,4-13H2,1-3H3,(H,27,31)(H,32,33)/t14-,15+,16-,17-,18+,19+,20-,21+,24+,25+,26-/m1/s1"	"Glycocholic acid isomer 2"	464.30083	1.00727647	465.30810647	NA	"[(M-H)]-"	1	7.75	4	1.53469317584667	0.632534464637547	0.412156953971327	52836.4971625722	8012.61007996668	0.151649153714955	0.367940301027906	"17687"	NA	"glycocholic acid"
"Glycocholic acid isomer 3"	"CHEBI:17687"	"C26H43NO6"	"C[C@H](CCC(=O)NCC(O)=O)[C@H]1CC[C@H]2[C@@H]3[C@H](O)C[C@@H]4C[C@H](O)CC[C@]4(C)[C@H]3C[C@H](O)[C@]12C"	"InChI=1S/C26H43NO6/c1-14(4-7-22(31)27-13-23(32)33)17-5-6-18-24-19(12-21(30)26(17,18)3)25(2)9-8-16(28)10-15(25)11-20(24)29/h14-21,24,28-30H,4-13H2,1-3H3,(H,27,31)(H,32,33)/t14-,15+,16-,17-,18+,19+,20-,21+,24+,25+,26-/m1/s1"	"Glycocholic acid isomer 3"	464.30083	1.00727647	465.30810647	NA	"[(M-H)]-"	1	7.12	4	1.33292829128542	0.672912288329729	0.504837576581708	41357.4726528154	5485.39258557351	0.132633650794425	0.262725393170011	"17687"	NA	"glycocholic acid"
"Heptylmalonic acid"	"CHEBI:70747"	"C10H18O4"	"CCCCCCCC(C(O)=O)C(O)=O"	"InChI=1S/C10H18O4/c1-2-3-4-5-6-7-8(9(11)12)10(13)14/h8H,2-7H2,1H3,(H,11,12)(H,13,14)"	"Heptylmalonic acid"	201.112663	1.00727647	202.11993947	NA	"[(M-H)]-"	1	6.05	4	3.64765683129597	0.32342697658893	0.0886670516299693	3776919.87450886	171763.035065493	0.0454770132204164	0.512896418505082	"70747"	NA	"heptylmalonic acid"
"Hexanoylglycine"	"CHEBI:64390"	"C8H15NO3"	"CCCCCC(=O)NCC(O)=O"	"InChI=1S/C8H15NO3/c1-2-3-4-5-7(10)9-6-8(11)12/h2-6H2,1H3,(H,9,10)(H,11,12)"	"Hexanoylglycine"	172.097037	1.00727647	173.10431347	NA	"[(M-H)]-"	1	6.45	5	2.92680934466613	0.401162208865162	0.137064687727695	958792.554799079	149374.432283955	0.155794318110092	1.13664810895427	"64390"	NA	"N-hexanoylglycine"
"Hippuric acid"	"CHEBI:18089"	"C9H9NO3"	"OC(=O)CNC(=O)c1ccccc1"	"InChI=1S/C9H9NO3/c11-8(12)6-10-9(13)7-4-2-1-3-5-7/h1-5H,6H2,(H,10,13)(H,11,12)"	"Hippuric acid"	178.050869	1.00727647	179.05814547	NA	"[(M-H)]-"	1	5.87	5	5.24104749484444	0.25931947719103	0.0494785589037533	143653839.17996	4637045.84603256	0.0322793033064962	0.652389722370179	"18089"	NA	"N-benzoylglycine"
"Hydroxybenzyl alcohol isomer"	"CHEBI:24679"	NA	NA	NA	"Hydroxybenzyl alcohol isomer"	123.044469	1.00727647	124.05174547	NA	"[(M-H)]-"	1	6.19	4	2.76139927938191	0.379909722922692	0.137578699958134	707379.93142354	24187.6209553503	0.0341932529901927	0.248535950700202	"24679"	NA	"hydroxybenzyl alcohol"
"Hydroxyphenyllactic acid"	"CSID 9010"	"C9H10O4"	"c1cc(ccc1CC(C(=O)O)O)O"	"InChI=1/C9H10O4/c10-7-3-1-6(2-4-7)5-8(11)9(12)13/h1-4,8,10-11H,5H2,(H,12,13)"	"Hydroxyphenyllactic acid"	181.049264	1.00727647	182.05654047	NA	"[(M-H)]-"	1	5.22	5	4.12879201952837	0.426554601937911	0.103312203647069	15517843.8965243	531872.588401227	0.0342749026184208	0.331760444637394	NA	"9010"	"UNII:EP7PS9S776"
"Hydroxysuberic acid isomer 1"	""	""	""	""	"Hydroxysuberic acid isomer 1"	189.075793	1.00727647	190.08306947	NA	"[(M-H)]-"	1	4.9	4	2.49716497107902	0.281103398638374	0.11256901401949	250051.50848286	29736.772496766	0.118922587898742	1.05644158771926	NA	NA	NA
"Hydroxysuberic acid isomer 2"	""	""	""	""	"Hydroxysuberic acid isomer 2"	189.075793	1.00727647	190.08306947	NA	"[(M-H)]-"	1	5.15	4	2.36052981957509	0.345189953947612	0.146234100109673	212500.920226187	32595.6677025122	0.153390713168758	1.04893942694432	NA	NA	NA
"Isovalerylalanine isomer"	""	""	""	""	"Isovalerylalanine isomer"	172.097036	1.00727647	173.10431247	NA	"[(M-H)]-"	1	6.5	4	2.40341990396597	0.339144234627253	0.141109023049871	206276.030779514	36468.1005153085	0.176792719820602	1.25288033323085	NA	NA	NA
"Ketoleucine"	"CHEBI:48430"	"C6H10O3"	"CC(C)CC(=O)C(O)=O"	"InChI=1S/C6H10O3/c1-4(2)3-5(7)6(8)9/h4H,3H2,1-2H3,(H,8,9)"	"Ketoleucine"	129.055733	1.00727647	130.06300947	NA	"[(M-H)]-"	1	5.7	5	3.01692643337892	0.297333622929968	0.0985551452764322	1661290.39816535	117628.450655054	0.0708054719301077	0.718435062233525	"48430"	NA	"4-methyl-2-oxopentanoic acid"
"Kynurenic acid"	"CHEBI:18344"	"C10H7NO3"	"OC(=O)c1cc(O)c2ccccc2n1"	"InChI=1S/C10H7NO3/c12-9-5-8(10(13)14)11-7-4-2-1-3-6(7)9/h1-5H,(H,11,12)(H,13,14)"	"Kynurenic acid"	188.034174	1.00727647	189.04145047	NA	"[(M-H)]-"	1	5.39	5	3.61827791555589	0.314107995422919	0.0868114619036004	3376880.47416288	121548.618969919	0.0359943503774888	0.414626704679373	"18344"	NA	"kynurenic acid"
"Malic acid"	"CHEBI:6650"	"C4H6O5"	"OC(CC(O)=O)C(O)=O"	"InChI=1S/C4H6O5/c5-2(4(8)9)1-3(6)7/h2,5H,1H2,(H,6,7)(H,8,9)"	"Malic acid"	133.013511	1.00727647	134.02078747	NA	"[(M-H)]-"	1	1.08	5	2.70588580801783	0.251422988173487	0.0929170726379115	455610.344205852	48548.3017483153	0.106556627534296	1.14679277455863	"6650"	NA	"malic acid"
"Methoxysalicylic acid isomer"	"CHEBI:28759"	"C9H8O3"	"OC(=O)CC(=O)c1ccccc1"	"InChI=1S/C9H8O3/c10-8(6-9(11)12)7-4-2-1-3-5-7/h1-5H,6H2,(H,11,12)"	"Methoxysalicylic acid isomer"	167.033931	1.00727647	168.04120747	NA	"[(M-H)]-"	1	NA	4	2.46308389159285	0.482696675711956	0.195972486913469	292910.25710938	16538.1370322845	0.0564614472551869	0.28810905114511	"28759"	NA	"3-oxo-3-phenylpropionic acid"
"Methyl (hydroxymethyl)pyrrolidine-carboxylate"	""	""	""	""	"Methyl (hydroxymethyl)pyrrolidine-carboxylate"	158.08207	1.00727647	159.08934647	NA	"[(M-H)]-"	1	4.6	4	3.07006884431828	0.417347080443761	0.135940625962228	999713.008352453	46645.6163550544	0.046659007100375	0.343230780129993	NA	NA	NA
"Methyl (hydroxy)piperidine-carboxylate"	""	""	""	""	"Methyl (hydroxy)piperidine-carboxylate"	158.08207	1.00727647	159.08934647	NA	"[(M-H)]-"	1	4.6	4	3.07006884431828	0.417347080443761	0.135940625962228	999713.008352453	46645.6163550544	0.046659007100375	0.343230780129993	NA	NA	NA
"Methylinosine"	"CHEBI:24844"	NA	NA	NA	"Methylinosine"	281.088049	1.00727647	282.09532547	NA	"[(M-H)]-"	1	4.45	4	2.11978276765866	0.319151978077187	0.150558813358832	121912.492465423	7897.55997613561	0.0647805636356381	0.430267496073076	"24844"	NA	"inosines"
"Mevalonic acid isomer 1"	"CHEBI:25351"	"C6H12O4"	"CC(O)(CCO)CC(O)=O"	"InChI=1S/C6H12O4/c1-6(10,2-3-7)4-5(8)9/h7,10H,2-4H2,1H3,(H,8,9)"	"Mevalonic acid isomer 1"	147.065655	1.00727647	148.07293147	NA	"[(M-H)]-"	1	4.55	4	2.01584048403963	0.704609854509115	0.349536513473088	263531.465429623	20385.4358206791	0.0773548456061809	0.221306909648902	"25351"	NA	"mevalonic acid"
"Mevalonic acid isomer 1"	"CHEBI:28880"	"C6H12O4"	"C[C@](O)(CCO)CC(O)=O"	"InChI=1S/C6H12O4/c1-6(10,2-3-7)4-5(8)9/h7,10H,2-4H2,1H3,(H,8,9)/t6-/m0/s1"	"Mevalonic acid isomer 1"	147.065655	1.00727647	148.07293147	NA	"[(M-H)]-"	1	4.55	4	2.01584048403963	0.704609854509115	0.349536513473088	263531.465429623	20385.4358206791	0.0773548456061809	0.221306909648902	"28880"	NA	"(S)-mevalonic acid"
"Mevalonic acid isomer 1"	"CHEBI:17710"	"C6H12O4"	"C[C@@](O)(CCO)CC(O)=O"	"InChI=1S/C6H12O4/c1-6(10,2-3-7)4-5(8)9/h7,10H,2-4H2,1H3,(H,8,9)/t6-/m1/s1"	"Mevalonic acid isomer 1"	147.065655	1.00727647	148.07293147	NA	"[(M-H)]-"	1	4.55	4	2.01584048403963	0.704609854509115	0.349536513473088	263531.465429623	20385.4358206791	0.0773548456061809	0.221306909648902	"17710"	NA	"(R)-mevalonic acid"
"Monoethyl phthalate"	"CHEBI:70973"	"C10H10O4"	"C=1C=CC(=C(C1)C(=O)OCC)C(=O)O"	"InChI=1S/C10H10O4/c1-2-14-10(13)8-6-4-3-5-7(8)9(11)12/h3-6H,2H2,1H3,(H,11,12)"	"Monoethyl phthalate"	193.049576	1.00727647	194.05685247	NA	"[(M-H)]-"	1	7.45	4	2.16987845067805	0.728078813892918	0.335538985451193	335985.72891891	29572.6216285816	0.088017493254063	0.262316741333969	"70973"	NA	"monoethyl phthalate"
"N2-Acetylaminoadipic acid"	"CHEBI:31885"	"C8H13NO5"	"CC(=O)N[C@@H](CCCC(O)=O)C(O)=O"	"InChI=1S/C8H13NO5/c1-5(10)9-6(8(13)14)3-2-4-7(11)12/h6H,2-4H2,1H3,(H,9,10)(H,11,12)(H,13,14)/t6-/m0/s1"	"N2-Acetylaminoadipic acid"	202.070946	1.00727647	203.07822247	NA	"[(M-H)]-"	1	4.05	4	2.93164534241755	0.331349936338342	0.113025246111488	735570.973184366	30741.2186974235	0.0417923216359959	0.36976094345127	"31885"	NA	"N-acetyl-L-2-aminoadipic acid"
"N4-Acetylcytidine"	"CHEBI:70989"	"C11H15N3O6"	"CC(=O)Nc1ccn([C@@H]2O[C@H](CO)[C@@H](O)[C@H]2O)c(=O)n1"	"InChI=1S/C11H15N3O6/c1-5(16)12-7-2-3-14(11(19)13-7)10-9(18)8(17)6(4-15)20-10/h2-3,6,8-10,15,17-18H,4H2,1H3,(H,12,13,16,19)/t6-,8-,9-,10-/m1/s1"	"N4-Acetylcytidine"	284.087683	1.00727647	285.09495947	NA	"[(M-H)]-"	1	4.51	5	2.49886771292834	0.53283552522375	0.213230785474169	242240.043936932	14027.6198784069	0.0579079315311676	0.271573972784444	"70989"	NA	"N(4)-acetylcytidine"
"N-Acetyl-aspartic acid"	"CHEBI:21547"	"C6H9NO5"	"CC(=O)N[C@@H](CC(O)=O)C(O)=O"	"InChI=1S/C6H9NO5/c1-3(8)7-4(6(11)12)2-5(9)10/h4H,2H2,1H3,(H,7,8)(H,9,10)(H,11,12)/t4-/m0/s1"	"N-Acetyl-aspartic acid"	174.039751	1.00727647	175.04702747	NA	"[(M-H)]-"	1	1.04	5	2.55256429407541	0.224679465803561	0.0880210799489165	260877.781343311	19514.1875469236	0.074802029695443	0.849819494817091	"21547"	NA	"N-acetyl-L-aspartic acid"
"N-Acetylisoleucine"	"CHEBI:84056"	"C8H15NO3"	"CCC(C)C(NC(C)=O)C(O)=O"	"InChI=1S/C8H15NO3/c1-4-5(2)7(8(11)12)9-6(3)10/h5,7H,4H2,1-3H3,(H,9,10)(H,11,12)"	"N-Acetylisoleucine"	172.097037	1.00727647	173.10431347	NA	"[(M-H)]-"	1	6.08	5	3.16275060023262	0.292314960884639	0.0924242843754862	1261583.68543549	75529.3285226709	0.0598686630103326	0.647759010684985	"84056"	NA	"N-acetylisoleucine"
"N-Acetylleucine"	"CHEBI:17786"	"C8H15NO3"	"[C@@H](CC(C)C)(NC(=O)C)C(O)=O"	"InChI=1S/C8H15NO3/c1-5(2)4-7(8(11)12)9-6(3)10/h5,7H,4H2,1-3H3,(H,9,10)(H,11,12)/t7-/m0/s1"	"N-Acetylleucine"	172.097037	1.00727647	173.10431347	NA	"[(M-H)]-"	1	6.23	5	2.49808438867576	0.567339843213201	0.227109959049041	394033.947289917	23050.8449765464	0.0584996423153012	0.257582901957501	"17786"	NA	"N-acetyl-L-leucine"
"N-Acetyltryptophan"	"CHEBI:70976"	"C13H14N2O3"	"CC(=O)NC(Cc1c[nH]c2ccccc12)C(O)=O"	"InChI=1S/C13H14N2O3/c1-8(16)15-12(13(17)18)6-9-7-14-11-5-3-2-4-10(9)11/h2-5,7,12,14H,6H2,1H3,(H,15,16)(H,17,18)"	"N-Acetyltryptophan"	245.092205	1.00727647	246.09948147	NA	"[(M-H)]-"	1	6.68	5	2.14648975652567	0.334971685226365	0.156055571291686	135389.515745032	10466.8996179699	0.0773095284400115	0.495397426699435	"70976"	NA	"N-acetyltryptophan"
"Nicotinuric acid isomer"	"CHEBI:7563"	"C8H8N2O3"	"OC(=O)CNC(=O)c1cccnc1"	"InChI=1S/C8H8N2O3/c11-7(12)5-10-8(13)6-2-1-3-9-4-6/h1-4H,5H2,(H,10,13)(H,11,12)"	"Nicotinuric acid isomer"	179.045043	1.00727647	180.05231947	NA	"[(M-H)]-"	1	5.31	4	2.96959988629324	0.27461878141078	0.0924766944793929	721237.106824801	30753.6548252207	0.0426401450150169	0.461090713233902	"7563"	NA	"N-nicotinoylglycine"
"o-Hydroxyphenylacetic acid"	"CHEBI:28478"	"C8H8O3"	"OC(=O)Cc1ccccc1O"	"InChI=1S/C8H8O3/c9-7-4-2-1-3-6(7)5-8(10)11/h1-4,9H,5H2,(H,10,11)"	"o-Hydroxyphenylacetic acid"	194.045742	1.00727647	195.05301847	NA	"[(M-H)]-"	1	6.4	5	3.12251419295882	0.388304230831145	0.124356274090526	855144.117468934	208359.5372701	0.243654295239504	1.95932450551015	"28478"	NA	"(2-hydroxyphenyl)acetic acid"
"p-Anisic acid"	"CHEBI:40813"	"C8H8O3"	"COc1ccc(cc1)C(O)=O"	"InChI=1S/C8H8O3/c1-11-7-4-2-6(3-5-7)8(9)10/h2-5H,1H3,(H,9,10)"	"p-Anisic acid"	151.03922	1.00727647	152.04649647	NA	"[(M-H)]-"	1	7.24	5	2.84044410338955	1.01676364396367	0.35795939189592	2561762.81144166	112591.017541119	0.0439506019207754	0.122780971573319	"40813"	NA	"4-methoxybenzoic acid"
"Pantothenic acid"	"CHEBI:7916"	"C9H17NO5"	"CC(C)(CO)C(O)C(=O)NCCC(O)=O"	"InChI=1S/C9H17NO5/c1-9(2,5-11)7(14)8(15)10-4-3-6(12)13/h7,11,14H,3-5H2,1-2H3,(H,10,15)(H,12,13)"	"Pantothenic acid"	218.102478	1.00727647	219.10975447	NA	"[(M-H)]-"	1	4.77	5	3.55996102221651	0.298253681870028	0.0837800414130177	3012837.77207209	131428.160471926	0.0436227140041251	0.520681456685781	"7916"	NA	"pantothenic acid"
"Pentose"	"CHEBI:25901"	NA	NA	NA	"Pentose"	149.044667	1.00727647	150.05194347	NA	"[(M-H)]-"	1	0.95	4	4.21277539565999	0.25906170982625	0.0614943085010266	12766760.9622012	414200.450218165	0.0324436598636488	0.527588010248252	"25901"	NA	"pentose"
"Phe-Tyr-Asp (and isomers)"	"CHEBI:25901"	NA	NA	NA	"Phe-Tyr-Asp (and isomers)"	442.160874	1.00727647	443.16815047	NA	"[(M-H)]-"	1	5.85	4	3.64793099869399	0.328900254944701	0.0901607664899506	3755038.22100991	256900.877327083	0.0684149833388353	0.758811021714871	"25901"	NA	"pentose"
"p-Hydroxyhippuric acid"	"CHEBI:71018"	"C9H9NO4"	"OC(=O)CNC(=O)c1ccc(O)cc1"	"InChI=1S/C9H9NO4/c11-7-3-1-6(2-4-7)9(14)10-5-8(12)13/h1-4,11H,5H2,(H,10,14)(H,12,13)"	"p-Hydroxyhippuric acid"	194.045742	1.00727647	195.05301847	NA	"[(M-H)]-"	1	4.85	4	4.16656713679275	0.302685291069155	0.072646205168831	12932499.5952587	722361.241582596	0.0558562740529625	0.768880823480753	"71018"	NA	"p-hydroxyhippuric acid"
"Porphobilinogen"	"CHEBI:17381"	"C10H14N2O4"	"NCc1[nH]cc(CCC(O)=O)c1CC(O)=O"	"InChI=1S/C10H14N2O4/c11-4-8-7(3-10(15)16)6(5-12-8)1-2-9(13)14/h5,12H,1-4,11H2,(H,13,14)(H,15,16)"	"Porphobilinogen"	225.087982	1.00727647	226.09525847	NA	"[(M-H)]-"	1	4.51	5	3.31541405917708	0.315084824812579	0.095036342124575	1741354.10801836	74205.6744987611	0.0426137763462747	0.448394534065883	"17381"	NA	"porphobilinogen"
"Pyridylacetylglycine"	"CHEBI:16180"	"C3H4NO3R"	"OC(=O)CNC([*])=O"	NA	"Pyridylacetylglycine"	193.060966	1.00727647	194.06824247	NA	"[(M-H)]-"	1	4.64	4	3.21900163627358	0.289580477739403	0.0899597174714799	1352599.81500522	57105.0928713064	0.0422187643660783	0.469307436180677	"16180"	NA	"N-acylglycine"
"Pyrocatechol sulfate"	"CHEBI:68505"	"C6H6O5S"	"C=1C=CC=C(C1OS(O)(=O)=O)O"	"InChI=1S/C6H6O5S/c7-5-3-1-2-4-6(5)11-12(8,9)10/h1-4,7H,(H,8,9,10)"	"Pyrocatechol sulfate"	188.98656	1.00727647	189.99383647	NA	"[(M-H)]-"	1	4.88	4	4.76097152909052	0.399074597945841	0.0838220929294393	51092681.5576649	3350031.4666121	0.0655677362095616	0.782224994844211	"68505"	NA	"pyrocatechol sulfate"
"Pyrroledicarboxylic acid"	"CSID 68052"	"C12H17NO4"	"CCOC(=O)c1c(c([nH]c1C)C(=O)OCC)C"	"InChI=1/C12H17NO4/c1-5-16-11(14)9-7(3)10(13-8(9)4)12(15)17-6-2/h13H,5-6H2,1-4H3"	"Pyrroledicarboxylic acid"	154.013753	1.00727647	155.02102947	NA	"[(M-H)]-"	1	5.2	4	2.37003635280761	0.568394020401735	0.239825021978418	305211.924856654	16270.0420554577	0.0533073603303642	0.222276057312991	NA	"68052"	"2,4-Dimethyl-3,5-dicarbethoxypyrrole"
"Pyruvic acid"	"CHEBI:32816"	"C3H4O3"	"CC(=O)C(O)=O"	"InChI=1S/C3H4O3/c1-2(4)3(5)6/h1H3,(H,5,6)"	"Pyruvic acid"	87.008516	1.00727647	88.01579247	NA	"[(M-H)]-"	1	1.04	5	3.2570211288413	0.218515515022014	0.067090604075925	3407167.09189122	113113.876536799	0.0331988051909755	0.49483538936995	"32816"	NA	"pyruvic acid"
"Quinic acid"	"CHEBI:17521"	"C7H12O6"	"O[C@@H]1C[C@@](O)(C[C@@H](O)[C@H]1O)C(O)=O"	"InChI=1S/C7H12O6/c8-3-1-7(13,6(11)12)2-4(9)5(3)10/h3-5,8-10,13H,1-2H2,(H,11,12)/t3-,4-,5-,7+/m1/s1"	"Quinic acid"	191.055248	1.00727647	192.06252447	NA	"[(M-H)]-"	1	0.89	5	3.67407354394874	0.743728622738899	0.202426166445098	6972335.50675212	130913.870619347	0.0187761863284645	0.0927557274743775	"17521"	NA	"(-)-quinic acid"
"Salicylic acid"	"CHEBI:16914"	"C7H6O3"	"OC(=O)c1ccccc1O"	"InChI=1S/C7H6O3/c8-6-4-2-1-3-5(6)7(9)10/h1-4,8H,(H,9,10)"	"Salicylic acid"	137.023583	1.00727647	138.03085947	NA	"[(M-H)]-"	1	7.51	5	2.14398453125829	0.646673473469331	0.301622266411504	462585.90152046	74914.0186370157	0.161946177760245	0.536917183492353	"16914"	NA	"salicylic acid"
"Sebacic acid"	"CHEBI:41865"	"C10H18O4"	"OC(=O)CCCCCCCCC(O)=O"	"InChI=1S/C10H18O4/c11-9(12)7-5-3-1-2-4-6-8-10(13)14/h1-8H2,(H,11,12)(H,13,14)"	"Sebacic acid"	201.111582	1.00727647	202.11885847	NA	"[(M-H)]-"	1	7.65	5	3.59280944168101	0.306445524758161	0.0852941214201386	2357278.23499932	103029.918880437	0.0437071523211457	0.512428659717997	"41865"	NA	"sebacic acid"
"Suberic acid"	"CHEBI:9300"	"C8H14O4"	"OC(=O)CCCCCCC(O)=O"	"InChI=1S/C8H14O4/c9-7(10)5-3-1-2-4-6-8(11)12/h1-6H2,(H,9,10)(H,11,12)"	"Suberic acid"	173.080993	1.00727647	174.08826947	NA	"[(M-H)]-"	1	6.46	5	3.32185299894631	0.332281721970338	0.100029026593211	1559978.07256193	243125.860213024	0.155852101057896	1.55806875629912	"9300"	NA	"suberic acid"
"Sulfosalicylic acid isomer"	"CHEBI:68555"	"C7H6O6S"	"OC(=O)c1cc(ccc1O)S(O)(=O)=O"	"InChI=1S/C7H6O6S/c8-6-2-1-4(14(11,12)13)3-5(6)7(9)10/h1-3,8H,(H,9,10)(H,11,12,13)"	"Sulfosalicylic acid isomer"	216.98092	1.00727647	217.98819647	NA	"[(M-H)]-"	1	4.8	4	3.81369205994721	0.421681941911077	0.110570527269292	6681170.07036231	554929.444827581	0.0830587215986687	0.751183191849857	"68555"	NA	"5-sulfosalicylic acid"
"Taurine"	"CHEBI:15891"	"C2H7NO3S"	"C(CS(O)(=O)=O)N"	"InChI=1S/C2H7NO3S/c3-1-2-7(4,5)6/h1-3H2,(H,4,5,6)"	"Taurine"	124.006693	1.00727647	125.01396947	NA	"[(M-H)]-"	1	0.88	5	2.61228952156894	0.635845779388173	0.243405554452588	387859.346882448	11652.3712684191	0.0300427754599161	0.123426827820266	"15891"	NA	"taurine"
"Testosterone glucuronide"	"CHEBI:28835"	"C25H36O8"	"[H][C@@]12CCC3=CC(=O)CC[C@]3(C)[C@@]1([H])CC[C@]1(C)[C@H](CC[C@@]21[H])O[C@@H]1O[C@@H]([C@@H](O)[C@H](O)[C@H]1O)C(O)=O"	"InChI=1S/C25H36O8/c1-24-9-7-13(26)11-12(24)3-4-14-15-5-6-17(25(15,2)10-8-16(14)24)32-23-20(29)18(27)19(28)21(33-23)22(30)31/h11,14-21,23,27-29H,3-10H2,1-2H3,(H,30,31)/t14-,15-,16-,17-,18-,19-,20+,21-,23+,24-,25-/m0/s1"	"Testosterone glucuronide"	463.2329	1.00727647	464.24017647	NA	"[(M-H)]-"	1	7.9	4	2.14755787706219	0.570107827942221	0.265467969003991	178149.617939526	12351.5841321731	0.069332644521112	0.261171412812028	"28835"	NA	"testosterone 17-glucosiduronic acid"
"Tetrahydrohippuric acid"	"CHEBI:71172"	"C9H13NO3"	"OC(=O)CNC(=O)C1=CCCCC1"	"InChI=1S/C9H13NO3/c11-8(12)6-10-9(13)7-4-2-1-3-5-7/h4H,1-3,5-6H2,(H,10,13)(H,11,12)"	"Tetrahydrohippuric acid"	182.081505	1.00727647	183.08878147	NA	"[(M-H)]-"	1	6.33	4	2.97868946680309	0.644211737917767	0.216273547510534	1099612.50204864	256671.502041607	0.233419956178576	1.07928111812753	"71172"	NA	"3,4,5,6-tetrahydrohippuric acid"
"Threonic acid"	"CHEBI:26984"	"C4H8O5"	NA	NA	"Threonic acid"	135.029005	1.00727647	136.03628147	NA	"[(M-H)]-"	1	0.85	4	4.39827019383957	0.196073671535184	0.0445797240491988	17873938.1368938	347306.840571664	0.0194309076103818	0.435868727875874	"26984"	NA	"threonic acid"
"Erythronic acid"	"CHEBI:37654"	"C4H8O5"	NA	NA	"Erythronic acid"	135.029005	1.00727647	136.03628147	NA	"[(M-H)]-"	1	0.85	4	4.39827019383957	0.196073671535184	0.0445797240491988	17873938.1368938	347306.840571664	0.0194309076103818	0.435868727875874	"37654"	NA	"erythronic acid"
"Tryptophan"	"CHEBI:27897"	"C11H12N2O2"	"NC(Cc1c[nH]c2ccccc12)C(O)=O"	"InChI=1S/C11H12N2O2/c12-9(11(14)15)5-7-6-13-10-4-2-1-3-8(7)10/h1-4,6,9,13H,5,12H2,(H,14,15)"	"Tryptophan"	203.081193	1.00727647	204.08846947	NA	"[(M-H)]-"	1	5.26	5	2.71333596604509	0.270842850681002	0.0998191355845175	420171.894107334	32152.1188986948	0.0765213460243522	0.766599966792551	"27897"	NA	"tryptophan"
"Xanthosine"	"CHEBI:18107"	"C10H12N4O6"	"OC[C@H]1O[C@H]([C@H](O)[C@@H]1O)n1cnc2c1[nH]c(=O)[nH]c2=O"	"InChI=1S/C10H12N4O6/c15-1-3-5(16)6(17)9(20-3)14-2-11-4-7(14)12-10(19)13-8(4)18/h2-3,5-6,9,15-17H,1H2,(H2,12,13,18,19)/t3-,5-,6-,9-/m1/s1"	"Xanthosine"	283.066329	1.00727647	284.07360547	NA	"[(M-H)]-"	1	4.27	5	2.97597999461264	0.297497215351057	0.0999661341439157	871438.977161457	33899.3673094847	0.0389004487955144	0.389136272285088	"18107"	NA	"xanthosine"
